disease,feature,kind,model_value,doctor_value,source,comment
Viral fever,Assumed disease prior,prior,0.33,,,"Review against the intended season, region, and clinic type; this is a synthetic starting assumption."
Viral fever,Fever,symptom,0.9,,,
Viral fever,Headache,symptom,0.5,,,
Viral fever,Body pain / myalgia,symptom,0.55,,,
Viral fever,Chills / rigors,symptom,0.3,,,
Viral fever,Cough,symptom,0.45,,,
Viral fever,Sore throat,symptom,0.55,,,
Viral fever,Runny nose,symptom,0.55,,,
Viral fever,Breathlessness,symptom,0.03,,,
Viral fever,Vomiting,symptom,0.15,,,
Viral fever,Diarrhea,symptom,0.1,,,
Viral fever,Abdominal pain,symptom,0.1,,,
Viral fever,Skin rash,symptom,0.05,,,
Viral fever,Joint pain,symptom,0.25,,,
Viral fever,Pain behind the eyes,symptom,0.05,,,
Viral fever,Burning urination,symptom,0.02,,,
Viral fever,Fatigue / weakness,symptom,0.5,,,
Viral fever,Bleeding gums or nosebleed,symptom,0.02,,,
Viral fever,Pulse slower than expected for the fever (relative bradycardia),symptom,0.05,,,Review the Typhoid value against clinical evidence; this sign may occur in only a minority of patients.
Viral fever,Rose-coloured skin spots on abdomen/chest,symptom,0.01,,,
Viral fever,Fever persisted after 2-3 days of paracetamol,medication,0.15,,,Review whether antipyretic response meaningfully separates these diseases; fever reduction may be temporary.
Viral fever,Low platelet count (from CBC),basic_lab,0.05,,,
Viral fever,High WBC count (from CBC),basic_lab,0.1,,,
Viral fever,Low WBC count (from CBC),basic_lab,0.15,,,
Viral fever,Dengue NS1 antigen positive,confirmatory_lab,0.01,,,
Viral fever,Widal / typhoid test positive,confirmatory_lab,0.03,,,
Viral fever,Malaria parasite test positive,confirmatory_lab,0.01,,,
Viral fever,Pus cells high in urine test,confirmatory_lab,0.03,,,
Viral fever,Chest X-ray shows infiltrate,confirmatory_lab,0.02,,,
Viral fever,Leptospirosis IgM ELISA / MAT positive,confirmatory_lab,0.01,,,
Viral fever,Works in farming / fieldwork,occupation,0.05,,,
Viral fever,Regular contact with rodents / cattle / other animals,occupation,0.03,,,
Viral fever,Works in sewage / sanitation / waste handling,occupation,0.03,,,
Viral fever,"Recent wading/swimming in ponds, rivers, or stagnant water",occupation,0.05,,,
Viral fever,Lives in / recently visited a flood-affected area,occupation,0.05,,,
Viral fever,Calf muscle tenderness on pressing,history,0.02,,,
Viral fever,Eye redness without discharge (conjunctival suffusion),history,0.03,,,
Viral fever,Yellowing of skin or eyes (jaundice),history,0.02,,,
Viral fever,Reduced urine output,history,0.02,,,
Viral fever,Fever improved then returned after a few days,history,0.1,,,
Dengue,Assumed disease prior,prior,0.1,,,"Review against the intended season, region, and clinic type; this is a synthetic starting assumption."
Dengue,Fever,symptom,0.98,,,
Dengue,Headache,symptom,0.8,,,
Dengue,Body pain / myalgia,symptom,0.9,,,
Dengue,Chills / rigors,symptom,0.4,,,
Dengue,Cough,symptom,0.1,,,
Dengue,Sore throat,symptom,0.05,,,
Dengue,Runny nose,symptom,0.05,,,
Dengue,Breathlessness,symptom,0.05,,,
Dengue,Vomiting,symptom,0.45,,,
Dengue,Diarrhea,symptom,0.15,,,
Dengue,Abdominal pain,symptom,0.4,,,
Dengue,Skin rash,symptom,0.4,,,
Dengue,Joint pain,symptom,0.7,,,
Dengue,Pain behind the eyes,symptom,0.55,,,
Dengue,Burning urination,symptom,0.02,,,
Dengue,Fatigue / weakness,symptom,0.85,,,
Dengue,Bleeding gums or nosebleed,symptom,0.35,,,
Dengue,Pulse slower than expected for the fever (relative bradycardia),symptom,0.05,,,Review the Typhoid value against clinical evidence; this sign may occur in only a minority of patients.
Dengue,Rose-coloured skin spots on abdomen/chest,symptom,0.02,,,
Dengue,Fever persisted after 2-3 days of paracetamol,medication,0.7,,,Review whether antipyretic response meaningfully separates these diseases; fever reduction may be temporary.
Dengue,Low platelet count (from CBC),basic_lab,0.85,,,
Dengue,High WBC count (from CBC),basic_lab,0.03,,,
Dengue,Low WBC count (from CBC),basic_lab,0.6,,,
Dengue,Dengue NS1 antigen positive,confirmatory_lab,0.8,,,
Dengue,Widal / typhoid test positive,confirmatory_lab,0.03,,,
Dengue,Malaria parasite test positive,confirmatory_lab,0.01,,,
Dengue,Pus cells high in urine test,confirmatory_lab,0.03,,,
Dengue,Chest X-ray shows infiltrate,confirmatory_lab,0.01,,,
Dengue,Leptospirosis IgM ELISA / MAT positive,confirmatory_lab,0.01,,,
Dengue,Works in farming / fieldwork,occupation,0.05,,,
Dengue,Regular contact with rodents / cattle / other animals,occupation,0.03,,,
Dengue,Works in sewage / sanitation / waste handling,occupation,0.03,,,
Dengue,"Recent wading/swimming in ponds, rivers, or stagnant water",occupation,0.15,,,
Dengue,Lives in / recently visited a flood-affected area,occupation,0.2,,,
Dengue,Calf muscle tenderness on pressing,history,0.05,,,
Dengue,Eye redness without discharge (conjunctival suffusion),history,0.05,,,
Dengue,Yellowing of skin or eyes (jaundice),history,0.03,,,
Dengue,Reduced urine output,history,0.05,,,
Dengue,Fever improved then returned after a few days,history,0.15,,,
Typhoid,Assumed disease prior,prior,0.08,,,"Review against the intended season, region, and clinic type; this is a synthetic starting assumption."
Typhoid,Fever,symptom,0.95,,,
Typhoid,Headache,symptom,0.55,,,
Typhoid,Body pain / myalgia,symptom,0.5,,,
Typhoid,Chills / rigors,symptom,0.4,,,
Typhoid,Cough,symptom,0.15,,,
Typhoid,Sore throat,symptom,0.1,,,
Typhoid,Runny nose,symptom,0.05,,,
Typhoid,Breathlessness,symptom,0.05,,,
Typhoid,Vomiting,symptom,0.4,,,
Typhoid,Diarrhea,symptom,0.35,,,
Typhoid,Abdominal pain,symptom,0.55,,,
Typhoid,Skin rash,symptom,0.15,,,
Typhoid,Joint pain,symptom,0.15,,,
Typhoid,Pain behind the eyes,symptom,0.03,,,
Typhoid,Burning urination,symptom,0.02,,,
Typhoid,Fatigue / weakness,symptom,0.75,,,
Typhoid,Bleeding gums or nosebleed,symptom,0.05,,,
Typhoid,Pulse slower than expected for the fever (relative bradycardia),symptom,0.55,,,Review the Typhoid value against clinical evidence; this sign may occur in only a minority of patients.
Typhoid,Rose-coloured skin spots on abdomen/chest,symptom,0.2,,,
Typhoid,Fever persisted after 2-3 days of paracetamol,medication,0.8,,,Review whether antipyretic response meaningfully separates these diseases; fever reduction may be temporary.
Typhoid,Low platelet count (from CBC),basic_lab,0.15,,,
Typhoid,High WBC count (from CBC),basic_lab,0.1,,,
Typhoid,Low WBC count (from CBC),basic_lab,0.3,,,
Typhoid,Dengue NS1 antigen positive,confirmatory_lab,0.01,,,
Typhoid,Widal / typhoid test positive,confirmatory_lab,0.7,,,
Typhoid,Malaria parasite test positive,confirmatory_lab,0.01,,,
Typhoid,Pus cells high in urine test,confirmatory_lab,0.03,,,
Typhoid,Chest X-ray shows infiltrate,confirmatory_lab,0.01,,,
Typhoid,Leptospirosis IgM ELISA / MAT positive,confirmatory_lab,0.01,,,
Typhoid,Works in farming / fieldwork,occupation,0.08,,,
Typhoid,Regular contact with rodents / cattle / other animals,occupation,0.05,,,
Typhoid,Works in sewage / sanitation / waste handling,occupation,0.25,,,
Typhoid,"Recent wading/swimming in ponds, rivers, or stagnant water",occupation,0.05,,,
Typhoid,Lives in / recently visited a flood-affected area,occupation,0.08,,,
Typhoid,Calf muscle tenderness on pressing,history,0.03,,,
Typhoid,Eye redness without discharge (conjunctival suffusion),history,0.02,,,
Typhoid,Yellowing of skin or eyes (jaundice),history,0.05,,,
Typhoid,Reduced urine output,history,0.03,,,
Typhoid,Fever improved then returned after a few days,history,0.1,,,
Malaria,Assumed disease prior,prior,0.07,,,"Review against the intended season, region, and clinic type; this is a synthetic starting assumption."
Malaria,Fever,symptom,0.98,,,
Malaria,Headache,symptom,0.7,,,
Malaria,Body pain / myalgia,symptom,0.7,,,
Malaria,Chills / rigors,symptom,0.9,,,
Malaria,Cough,symptom,0.05,,,
Malaria,Sore throat,symptom,0.03,,,
Malaria,Runny nose,symptom,0.03,,,
Malaria,Breathlessness,symptom,0.05,,,
Malaria,Vomiting,symptom,0.35,,,
Malaria,Diarrhea,symptom,0.1,,,
Malaria,Abdominal pain,symptom,0.15,,,
Malaria,Skin rash,symptom,0.03,,,
Malaria,Joint pain,symptom,0.3,,,
Malaria,Pain behind the eyes,symptom,0.05,,,
Malaria,Burning urination,symptom,0.02,,,
Malaria,Fatigue / weakness,symptom,0.75,,,
Malaria,Bleeding gums or nosebleed,symptom,0.05,,,
Malaria,Pulse slower than expected for the fever (relative bradycardia),symptom,0.05,,,Review the Typhoid value against clinical evidence; this sign may occur in only a minority of patients.
Malaria,Rose-coloured skin spots on abdomen/chest,symptom,0.01,,,
Malaria,Fever persisted after 2-3 days of paracetamol,medication,0.75,,,Review whether antipyretic response meaningfully separates these diseases; fever reduction may be temporary.
Malaria,Low platelet count (from CBC),basic_lab,0.7,,,
Malaria,High WBC count (from CBC),basic_lab,0.1,,,
Malaria,Low WBC count (from CBC),basic_lab,0.15,,,
Malaria,Dengue NS1 antigen positive,confirmatory_lab,0.01,,,
Malaria,Widal / typhoid test positive,confirmatory_lab,0.03,,,
Malaria,Malaria parasite test positive,confirmatory_lab,0.85,,,
Malaria,Pus cells high in urine test,confirmatory_lab,0.03,,,
Malaria,Chest X-ray shows infiltrate,confirmatory_lab,0.01,,,
Malaria,Leptospirosis IgM ELISA / MAT positive,confirmatory_lab,0.01,,,
Malaria,Works in farming / fieldwork,occupation,0.1,,,
Malaria,Regular contact with rodents / cattle / other animals,occupation,0.05,,,
Malaria,Works in sewage / sanitation / waste handling,occupation,0.05,,,
Malaria,"Recent wading/swimming in ponds, rivers, or stagnant water",occupation,0.2,,,
Malaria,Lives in / recently visited a flood-affected area,occupation,0.2,,,
Malaria,Calf muscle tenderness on pressing,history,0.05,,,
Malaria,Eye redness without discharge (conjunctival suffusion),history,0.03,,,
Malaria,Yellowing of skin or eyes (jaundice),history,0.05,,,
Malaria,Reduced urine output,history,0.05,,,
Malaria,Fever improved then returned after a few days,history,0.2,,,
Pneumonia,Assumed disease prior,prior,0.1,,,"Review against the intended season, region, and clinic type; this is a synthetic starting assumption."
Pneumonia,Fever,symptom,0.85,,,
Pneumonia,Headache,symptom,0.25,,,
Pneumonia,Body pain / myalgia,symptom,0.3,,,
Pneumonia,Chills / rigors,symptom,0.3,,,
Pneumonia,Cough,symptom,0.9,,,
Pneumonia,Sore throat,symptom,0.15,,,
Pneumonia,Runny nose,symptom,0.2,,,
Pneumonia,Breathlessness,symptom,0.6,,,
Pneumonia,Vomiting,symptom,0.1,,,
Pneumonia,Diarrhea,symptom,0.05,,,
Pneumonia,Abdominal pain,symptom,0.05,,,
Pneumonia,Skin rash,symptom,0.02,,,
Pneumonia,Joint pain,symptom,0.05,,,
Pneumonia,Pain behind the eyes,symptom,0.02,,,
Pneumonia,Burning urination,symptom,0.02,,,
Pneumonia,Fatigue / weakness,symptom,0.6,,,
Pneumonia,Bleeding gums or nosebleed,symptom,0.02,,,
Pneumonia,Pulse slower than expected for the fever (relative bradycardia),symptom,0.03,,,Review the Typhoid value against clinical evidence; this sign may occur in only a minority of patients.
Pneumonia,Rose-coloured skin spots on abdomen/chest,symptom,0.01,,,
Pneumonia,Fever persisted after 2-3 days of paracetamol,medication,0.7,,,Review whether antipyretic response meaningfully separates these diseases; fever reduction may be temporary.
Pneumonia,Low platelet count (from CBC),basic_lab,0.05,,,
Pneumonia,High WBC count (from CBC),basic_lab,0.75,,,
Pneumonia,Low WBC count (from CBC),basic_lab,0.03,,,
Pneumonia,Dengue NS1 antigen positive,confirmatory_lab,0.01,,,
Pneumonia,Widal / typhoid test positive,confirmatory_lab,0.02,,,
Pneumonia,Malaria parasite test positive,confirmatory_lab,0.01,,,
Pneumonia,Pus cells high in urine test,confirmatory_lab,0.03,,,
Pneumonia,Chest X-ray shows infiltrate,confirmatory_lab,0.85,,,
Pneumonia,Leptospirosis IgM ELISA / MAT positive,confirmatory_lab,0.01,,,
Pneumonia,Works in farming / fieldwork,occupation,0.03,,,
Pneumonia,Regular contact with rodents / cattle / other animals,occupation,0.02,,,
Pneumonia,Works in sewage / sanitation / waste handling,occupation,0.02,,,
Pneumonia,"Recent wading/swimming in ponds, rivers, or stagnant water",occupation,0.02,,,
Pneumonia,Lives in / recently visited a flood-affected area,occupation,0.03,,,
Pneumonia,Calf muscle tenderness on pressing,history,0.01,,,
Pneumonia,Eye redness without discharge (conjunctival suffusion),history,0.02,,,
Pneumonia,Yellowing of skin or eyes (jaundice),history,0.02,,,
Pneumonia,Reduced urine output,history,0.03,,,
Pneumonia,Fever improved then returned after a few days,history,0.05,,,
UTI,Assumed disease prior,prior,0.12,,,"Review against the intended season, region, and clinic type; this is a synthetic starting assumption."
UTI,Fever,symptom,0.4,,,
UTI,Headache,symptom,0.1,,,
UTI,Body pain / myalgia,symptom,0.1,,,
UTI,Chills / rigors,symptom,0.2,,,
UTI,Cough,symptom,0.03,,,
UTI,Sore throat,symptom,0.02,,,
UTI,Runny nose,symptom,0.02,,,
UTI,Breathlessness,symptom,0.02,,,
UTI,Vomiting,symptom,0.15,,,
UTI,Diarrhea,symptom,0.03,,,
UTI,Abdominal pain,symptom,0.35,,,
UTI,Skin rash,symptom,0.02,,,
UTI,Joint pain,symptom,0.03,,,
UTI,Pain behind the eyes,symptom,0.01,,,
UTI,Burning urination,symptom,0.95,,,
UTI,Fatigue / weakness,symptom,0.35,,,
UTI,Bleeding gums or nosebleed,symptom,0.01,,,
UTI,Pulse slower than expected for the fever (relative bradycardia),symptom,0.02,,,Review the Typhoid value against clinical evidence; this sign may occur in only a minority of patients.
UTI,Rose-coloured skin spots on abdomen/chest,symptom,0.01,,,
UTI,Fever persisted after 2-3 days of paracetamol,medication,0.5,,,Review whether antipyretic response meaningfully separates these diseases; fever reduction may be temporary.
UTI,Low platelet count (from CBC),basic_lab,0.03,,,
UTI,High WBC count (from CBC),basic_lab,0.55,,,
UTI,Low WBC count (from CBC),basic_lab,0.02,,,
UTI,Dengue NS1 antigen positive,confirmatory_lab,0.01,,,
UTI,Widal / typhoid test positive,confirmatory_lab,0.02,,,
UTI,Malaria parasite test positive,confirmatory_lab,0.01,,,
UTI,Pus cells high in urine test,confirmatory_lab,0.9,,,
UTI,Chest X-ray shows infiltrate,confirmatory_lab,0.01,,,
UTI,Leptospirosis IgM ELISA / MAT positive,confirmatory_lab,0.01,,,
UTI,Works in farming / fieldwork,occupation,0.02,,,
UTI,Regular contact with rodents / cattle / other animals,occupation,0.01,,,
UTI,Works in sewage / sanitation / waste handling,occupation,0.02,,,
UTI,"Recent wading/swimming in ponds, rivers, or stagnant water",occupation,0.02,,,
UTI,Lives in / recently visited a flood-affected area,occupation,0.02,,,
UTI,Calf muscle tenderness on pressing,history,0.01,,,
UTI,Eye redness without discharge (conjunctival suffusion),history,0.01,,,
UTI,Yellowing of skin or eyes (jaundice),history,0.01,,,
UTI,Reduced urine output,history,0.05,,,
UTI,Fever improved then returned after a few days,history,0.03,,,
Gastroenteritis,Assumed disease prior,prior,0.17,,,"Review against the intended season, region, and clinic type; this is a synthetic starting assumption."
Gastroenteritis,Fever,symptom,0.3,,,
Gastroenteritis,Headache,symptom,0.15,,,
Gastroenteritis,Body pain / myalgia,symptom,0.2,,,
Gastroenteritis,Chills / rigors,symptom,0.05,,,
Gastroenteritis,Cough,symptom,0.03,,,
Gastroenteritis,Sore throat,symptom,0.03,,,
Gastroenteritis,Runny nose,symptom,0.03,,,
Gastroenteritis,Breathlessness,symptom,0.03,,,
Gastroenteritis,Vomiting,symptom,0.75,,,
Gastroenteritis,Diarrhea,symptom,0.85,,,
Gastroenteritis,Abdominal pain,symptom,0.6,,,
Gastroenteritis,Skin rash,symptom,0.02,,,
Gastroenteritis,Joint pain,symptom,0.05,,,
Gastroenteritis,Pain behind the eyes,symptom,0.02,,,
Gastroenteritis,Burning urination,symptom,0.02,,,
Gastroenteritis,Fatigue / weakness,symptom,0.5,,,
Gastroenteritis,Bleeding gums or nosebleed,symptom,0.02,,,
Gastroenteritis,Pulse slower than expected for the fever (relative bradycardia),symptom,0.02,,,Review the Typhoid value against clinical evidence; this sign may occur in only a minority of patients.
Gastroenteritis,Rose-coloured skin spots on abdomen/chest,symptom,0.01,,,
Gastroenteritis,Fever persisted after 2-3 days of paracetamol,medication,0.2,,,Review whether antipyretic response meaningfully separates these diseases; fever reduction may be temporary.
Gastroenteritis,Low platelet count (from CBC),basic_lab,0.03,,,
Gastroenteritis,High WBC count (from CBC),basic_lab,0.15,,,
Gastroenteritis,Low WBC count (from CBC),basic_lab,0.03,,,
Gastroenteritis,Dengue NS1 antigen positive,confirmatory_lab,0.01,,,
Gastroenteritis,Widal / typhoid test positive,confirmatory_lab,0.02,,,
Gastroenteritis,Malaria parasite test positive,confirmatory_lab,0.01,,,
Gastroenteritis,Pus cells high in urine test,confirmatory_lab,0.03,,,
Gastroenteritis,Chest X-ray shows infiltrate,confirmatory_lab,0.01,,,
Gastroenteritis,Leptospirosis IgM ELISA / MAT positive,confirmatory_lab,0.01,,,
Gastroenteritis,Works in farming / fieldwork,occupation,0.05,,,
Gastroenteritis,Regular contact with rodents / cattle / other animals,occupation,0.03,,,
Gastroenteritis,Works in sewage / sanitation / waste handling,occupation,0.1,,,
Gastroenteritis,"Recent wading/swimming in ponds, rivers, or stagnant water",occupation,0.05,,,
Gastroenteritis,Lives in / recently visited a flood-affected area,occupation,0.05,,,
Gastroenteritis,Calf muscle tenderness on pressing,history,0.02,,,
Gastroenteritis,Eye redness without discharge (conjunctival suffusion),history,0.02,,,
Gastroenteritis,Yellowing of skin or eyes (jaundice),history,0.02,,,
Gastroenteritis,Reduced urine output,history,0.03,,,
Gastroenteritis,Fever improved then returned after a few days,history,0.05,,,
Leptospirosis,Assumed disease prior,prior,0.03,,,"Review against the intended season, region, and clinic type; this is a synthetic starting assumption."
Leptospirosis,Fever,symptom,0.95,,,
Leptospirosis,Headache,symptom,0.7,,,
Leptospirosis,Body pain / myalgia,symptom,0.85,,,
Leptospirosis,Chills / rigors,symptom,0.45,,,
Leptospirosis,Cough,symptom,0.05,,,
Leptospirosis,Sore throat,symptom,0.05,,,
Leptospirosis,Runny nose,symptom,0.03,,,
Leptospirosis,Breathlessness,symptom,0.1,,,
Leptospirosis,Vomiting,symptom,0.35,,,
Leptospirosis,Diarrhea,symptom,0.1,,,
Leptospirosis,Abdominal pain,symptom,0.15,,,
Leptospirosis,Skin rash,symptom,0.05,,,
Leptospirosis,Joint pain,symptom,0.3,,,
Leptospirosis,Pain behind the eyes,symptom,0.05,,,
Leptospirosis,Burning urination,symptom,0.03,,,
Leptospirosis,Fatigue / weakness,symptom,0.8,,,
Leptospirosis,Bleeding gums or nosebleed,symptom,0.1,,,
Leptospirosis,Pulse slower than expected for the fever (relative bradycardia),symptom,0.05,,,Review the Typhoid value against clinical evidence; this sign may occur in only a minority of patients.
Leptospirosis,Rose-coloured skin spots on abdomen/chest,symptom,0.01,,,
Leptospirosis,Fever persisted after 2-3 days of paracetamol,medication,0.75,,,Review whether antipyretic response meaningfully separates these diseases; fever reduction may be temporary.
Leptospirosis,Low platelet count (from CBC),basic_lab,0.35,,,
Leptospirosis,High WBC count (from CBC),basic_lab,0.4,,,
Leptospirosis,Low WBC count (from CBC),basic_lab,0.05,,,
Leptospirosis,Dengue NS1 antigen positive,confirmatory_lab,0.01,,,
Leptospirosis,Widal / typhoid test positive,confirmatory_lab,0.03,,,
Leptospirosis,Malaria parasite test positive,confirmatory_lab,0.01,,,
Leptospirosis,Pus cells high in urine test,confirmatory_lab,0.03,,,
Leptospirosis,Chest X-ray shows infiltrate,confirmatory_lab,0.02,,,
Leptospirosis,Leptospirosis IgM ELISA / MAT positive,confirmatory_lab,0.8,,,
Leptospirosis,Works in farming / fieldwork,occupation,0.55,,,
Leptospirosis,Regular contact with rodents / cattle / other animals,occupation,0.6,,,
Leptospirosis,Works in sewage / sanitation / waste handling,occupation,0.55,,,
Leptospirosis,"Recent wading/swimming in ponds, rivers, or stagnant water",occupation,0.55,,,
Leptospirosis,Lives in / recently visited a flood-affected area,occupation,0.65,,,
Leptospirosis,Calf muscle tenderness on pressing,history,0.65,,,
Leptospirosis,Eye redness without discharge (conjunctival suffusion),history,0.55,,,
Leptospirosis,Yellowing of skin or eyes (jaundice),history,0.4,,,
Leptospirosis,Reduced urine output,history,0.35,,,
Leptospirosis,Fever improved then returned after a few days,history,0.45,,,
